-7.76214;-5.62231;-4.2493;-6.69015;-6.66073;-5.7536;-7.44713;-4.62077;-7.88057;-8.09553;-1.27974;-4.60857;-2.49587;-8.34131;-4.56571;-5.21836;-4.23089;-4.20566;-4.84786;-6.75935;-6.39574;-6.56756;-6.28402;-5.159;-4.78485;-6.78909;-6.0688;-2.65652;-4.09712;-6.16935;-3.90803;-5.47897;-5.94278;-1.95536;-6.65438;-5.08228;-7.87152;-6.27794;-3.24306;-4.76765;-5.75703;-6.54045;-8.64844;-8.18258;-3.23779;-5.66343;-5.8843;-6.44461;-8.74892;-5.87982;-8.21329;-7.38374;-7.86028;8.2236;-2.49935;1.50065;1.84085;-1.36386;-2.79243;0.0345535;-0.238027;-2.09928;-4.64528;-1.31079;-4.6172;-1.1936;-0.124125;-1.00592;-2.1056;-1.36663;-2.48771;0.929708;-1.35541;-1.91438;-6.10711;-0.790544;-0.971813;-1.90448;-3.85296;-2.07753;
-13.5062;-14.6283;-9.44392;-13.5271;-14.3667;-9.27126;-13.2367;-13.0681;-15.1832;-15.439;-7.83853;-10.5661;-6.25097;-14.7536;-8.29031;-9.80701;-10.698;-10.5012;-12.672;-12.3262;-12.6259;-14.0192;-12.5816;-10.4145;-15.8736;-15.0227;-13.6422;-9.96284;-11.053;-11.3518;-10.6086;-10.7303;-12.1658;-9.58506;-10.1369;-9.31693;-14.9576;-12.3604;-8.51279;-10.1651;-8.78293;-13.2287;-12.3412;-15.2566;-7.38007;-11.0521;-10.7821;-11.2608;-11.8528;-11.3922;-15.6539;-12.0208;-15.6;3.17365;-5.84011;-2.93208;-2.00714;-2.57325;-3.90536;-5.09372;-0.830435;-3.9074;-9.81998;-5.44563;-3.97482;-7.06537;-2.7156;-4.88457;-5.93185;-8.66555;-4.6994;-3.38561;-2.69333;-3.86297;-8.64017;-6.05026;-5.34588;-6.56884;-9.22535;7.01954;
-12.1859;-12.4652;-6.82487;-12.0757;-13.365;-7.44458;-12.8814;-11.1192;-14.0108;-14.0373;-6.33989;-8.85548;-5.20164;-13.3474;-6.97391;-8.54238;-8.76258;-10.3456;-11.0667;-11.3961;-9.90095;-12.0389;-11.2302;-9.90426;-14.45;-13.1266;-11.1952;-9.66451;-9.634;-9.57714;-10.1358;-9.05709;-11.0269;-9.86285;-9.39496;-7.67299;-13.235;-10.361;-5.29678;-9.68402;-7.95341;-13.0197;-12.3064;-14.1416;-6.57897;-10.2591;-9.50518;-8.30062;-10.2159;-9.58271;-14.5298;-11.7071;-14.6139;-0.564102;-5.68213;-1.90956;-3.03345;-2.16206;-3.33276;-5.45244;-1.30091;-2.90385;-8.88933;-4.88407;-2.81352;-6.70957;-1.98604;-5.39195;-6.81406;-9.15271;-3.79556;-4.61056;-3.49001;-1.32726;-5.92907;-5.71604;-2.50714;-6.42515;-8.42264;10.187;
-11.6118;-14.66;-7.3019;-13.9755;-14.0016;-6.31368;-14.3755;-13.1861;-14.4522;-14.57;-7.57239;-6.25906;-4.65897;-13.9637;-7.8726;-9.44602;-10.1761;-13.0987;-10.6584;-11.8265;-11.1568;-11.8556;-12.6031;-11.1147;-16.5337;-14.9896;-14.0111;-12.2884;-11.9385;-10.1056;-12.3873;-9.88594;-10.8487;-12.1607;-11.3579;-9.53473;-14.873;-12.0708;-4.6368;-12.3894;-11.2626;-13.0148;-13.6093;-14.9503;-11.3756;-10.9083;-9.49112;-7.4897;-9.83718;-11.9693;-14.9191;-13.6288;-14.4484;-3.3627;-8.16219;0.0688379;-3.66225;-3.59774;-4.78024;-6.95815;-5.30174;-1.80568;-11.34;-6.98188;-0.927909;-5.43914;-2.18372;-6.39892;-8.39792;-11.8554;-2.23487;-4.8469;-4.40082;0.789544;-3.25046;-4.99633;-4.71429;-6.74818;-10.0263;11.448;
-9.83744;-16.9316;-6.16608;-12.9694;-13.6088;-2.89411;-14.5942;-13.5878;-12.0375;-11.7354;-6.56959;-2.78849;-4.38017;-11.8793;-7.27476;-9.84474;-10.6382;-12.4705;-10.0986;-9.60156;-10.9088;-10.4286;-11.8998;-11.3063;-16.0812;-14.6858;-15.0739;-11.1098;-12.0953;-10.7137;-13.0305;-9.91881;-11.5149;-12.429;-13.6819;-6.47668;-14.5773;-12.6471;-7.5176;-11.9405;-12.3581;-11.0065;-13.1136;-12.815;-13.6626;-9.81414;-8.46885;-8.62408;-10.0683;-12.4524;-12.0182;-13.4937;-11.9843;-4.66908;-7.84478;-0.216665;-3.99753;-6.85787;-4.09931;-6.95805;-6.53302;5.37189;-5.86519;-7.9599;1.01826;-4.39396;-2.30493;-6.39131;-8.38805;-11.476;-0.923265;-4.42098;-3.92325;-0.300759;-3.08192;-4.01377;-7.497;-6.53692;-8.59161;8.0255;
-10.231;-14.5504;-5.4415;-11.5239;-12.4226;-4.28594;-11.7684;-12.4438;-11.5456;-11.5324;-7.00172;-4.23643;-4.41415;-11.0449;-7.36089;-9.25219;-9.3255;-9.36099;-9.62999;-9.25328;-10.3046;-8.80444;-10.8945;-12.0211;-13.6422;-13.568;-13.5395;-8.24941;-10.0979;-10.2208;-10.4213;-7.9357;-9.55588;-9.72003;-12.4478;-3.6265;-11.3846;-10.7656;-8.04101;-10.4752;-10.7937;-9.16926;-11.1239;-11.5105;-11.961;-8.94455;-5.60038;-9.36379;-8.64543;-10.1001;-11.4091;-10.2612;-11.1512;-3.13522;-7.12402;-1.72636;-4.87284;-5.88774;-3.73617;-4.93624;-7.32597;9.27634;-3.3262;-6.33054;-0.565507;-2.15452;-0.607178;-4.42063;-6.94008;-10.7607;0.385242;-1.81374;-1.62587;-1.15451;-2.58354;-4.5485;-7.49884;-4.65541;-5.80447;4.14115;
-8.95248;-13.1251;-4.59945;-8.95106;-11.1402;-3.62933;-9.17815;-11.5866;-10.2364;-10.7004;-7.05355;-3.2278;-3.9997;-10.1893;-5.93818;-7.73341;-7.48781;-6.0908;-8.42565;-7.24872;-7.21047;-7.54964;-8.47817;-8.84071;-11.4684;-12.0762;-11.8431;-7.16692;-7.4378;-8.12262;-7.9834;-4.88298;-6.79974;-8.48693;-9.96187;-1.76154;-9.03825;-8.55904;-5.47775;-8.87497;-8.36108;-7.38289;-8.38586;-10.4347;-9.56886;-8.16104;-4.82741;-8.23542;-6.91715;-8.77116;-10.9116;-8.21223;-10.404;-3.65013;-6.00837;-2.85575;-5.44772;-3.36689;-3.05714;-2.96453;-6.49788;8.98452;-1.63532;-4.61597;-1.40552;-2.06509;0.645539;-3.15808;-4.8911;-8.23132;1.00895;-0.932281;-2.48469;-2.0425;-2.91111;-6.26671;-6.19812;-4.22456;-3.21104;5.64194;
-16.645;-27.4562;-18.4112;-19.3749;-22.3077;-11.7112;-23.3279;-25.6446;-18.4617;-19.0751;-17.9979;-8.15002;-11.328;-18.1556;-13.1519;-18.5411;-18.1676;-18.0784;-18.986;-17.6209;-16.9427;-18.6937;-19.2173;-19.931;-27.1921;-25.5541;-25.0135;-18.1449;-19.0627;-17.4223;-18.4205;-15.9784;-17.8234;-21.6035;-17.0345;-14.1729;-23.5418;-20.269;-17.107;-18.0799;-15.6752;-16.3997;-17.937;-18.8971;-18.7451;-17.4456;-14.0361;-19.9955;-19.4631;-19.4953;-19.8354;-19.7223;-18.6786;-9.00997;-12.1802;-7.19917;-9.10307;-5.40329;-9.69636;-9.11696;-10.1077;1.63956;-15.8227;-9.86524;-5.98511;-6.67588;-2.35;-6.85522;-7.7844;-20.3411;-0.761795;-5.16155;-6.56647;-6.47994;-5.35303;-9.14389;-12.913;-11.1779;-12.9401;11.232;
-7.96866;-6.69133;-4.00561;-5.94063;-7.0689;-5.0134;-4.06243;-6.12373;-7.20209;-8.95335;-6.38919;-3.64889;-4.32166;-8.76579;-5.82079;-3.99017;-6.24942;-5.74224;-8.08705;-4.3993;-4.35968;-7.22993;-5.03418;-6.24252;-6.81156;-6.46931;-5.96117;-4.1187;-4.44035;-4.82785;-5.38027;-4.41075;-0.34224;-4.97356;-5.76498;-5.77329;-4.15142;-5.48975;-3.85095;-2.09686;-4.21205;-7.25816;-0.859927;-8.41624;-2.94936;-5.18913;-0.860456;-6.42991;-3.41007;-5.70094;-9.42344;-3.84324;-9.21608;-4.13559;-4.67461;-0.0830826;-4.60774;-3.49226;-0.677678;-3.76156;-8.48146;-1.65077;-2.66369;-1.92256;-3.25881;-0.199376;3.40243;-4.35621;0.774296;-3.3292;9.98369;2.55381;0.158886;-3.93171;0.873681;-2.21035;2.48233;-3.82178;-0.465842;-0.0275634;
-16.5669;-12.6084;-9.27236;-13.4789;-17.4194;-7.77672;-12.7349;-13.5931;-15.9209;-18.6999;-9.04815;-5.54777;-7.13468;-18.2676;-12.9063;-11.4708;-14.3419;-13.8182;-15.0852;-13.7523;-12.6743;-15.1471;-15.2266;-15.5933;-13.137;-12.981;-13.4295;-11.6947;-12.0573;-10.495;-11.5381;-11.0825;-8.77909;-14.4971;-12.4755;-11.7877;-13.9532;-14.6485;-9.29668;-10.3814;-12.4241;-13.7055;-8.37453;-19.0869;-9.2287;-12.7463;-5.45073;-14.0495;-11.5821;-13.0475;-18.9731;-11.3891;-19.3996;-8.83888;-9.81837;-3.05709;-6.2765;-5.05825;-3.53628;-7.22463;-9.84781;-2.4804;-8.7069;-8.65075;-3.56874;-4.46999;-1.9476;-8.0044;-3.44242;-8.78835;5.62706;-2.90922;-2.48861;-9.16477;-5.36171;-9.63991;-7.23076;-7.89747;-7.71824;10.211;
-18.9972;-24.3541;-17.9354;-18.2064;-23.0105;-12.1136;-24.8342;-23.4939;-18.0919;-20.0257;-15.6554;-6.97123;-11.1942;-18.8363;-15.1451;-18.3332;-17.9634;-19.2666;-19.3333;-18.3021;-19.3602;-19.2184;-20.605;-21.0068;-25.3007;-23.5203;-22.7839;-18.7565;-17.4209;-13.3309;-17.9659;-14.6888;-18.8647;-21.1176;-19.1857;-19.0219;-21.7772;-19.7116;-15.2986;-16.8063;-18.5646;-18.624;-18.3696;-19.572;-16.3672;-16.4963;-14.0077;-18.6513;-18.4508;-17.5722;-19.9575;-18.0381;-19.729;-8.55354;-12.4809;-1.80461;-7.55378;-3.8362;-8.3371;-8.36445;-11.0822;-3.66045;-18.1602;-10.369;-4.36354;-8.68369;-6.78907;-9.93256;-7.98308;-18.7971;-2.78281;-5.59489;-5.39652;-8.73623;-9.90903;-10.1106;-13.8105;-10.2198;-12.6777;11.8068;
-6.80734;-7.33574;-5.43516;-6.39252;-7.72016;-3.34382;-6.71712;-6.91565;-5.4361;-5.9671;-3.92954;0.207484;-3.75977;-5.65815;-3.99059;-4.92063;-5.07312;-7.44898;-6.90007;-7.47427;-7.72153;-6.0867;-8.12021;-8.2271;-9.15766;-8.0358;-8.31851;-10.0169;-6.12393;0.932926;-7.58997;-4.37879;-6.62786;-6.06745;-9.67357;-7.1031;-7.45122;-6.56258;-3.74921;-7.19543;-7.7201;-6.69692;-6.11011;-6.21087;-5.60727;-7.49029;-3.411;-5.15052;-5.52876;-4.59045;-6.08651;-6.04986;-6.06082;-2.83395;-6.69997;10.8091;-4.45466;2.79431;-3.66496;-1.63787;-6.57299;-3.53291;-7.19715;-2.06215;-2.51935;-3.80982;-2.06067;-2.51364;-1.06067;-5.97917;0.741466;-0.146213;-3.2912;-0.92702;-0.566928;0.267785;-4.04308;-2.72765;-1.20394;1.43569;
-9.0586;-8.77316;-4.39732;-8.38935;-9.32893;-5.33925;-6.73501;-9.14405;-8.83157;-10.4478;-6.1344;-3.16646;-5.67925;-9.61027;-7.28164;-5.54288;-6.82489;-8.86872;-9.10437;-9.98297;-9.37605;-8.55216;-10.3513;-9.15148;-9.27379;-9.50199;-9.05939;-10.4571;-8.45355;-1.57498;-8.65855;-7.52612;-5.53043;-8.35769;-8.16551;-7.00103;-10.05;-9.08183;-4.30787;-9.29041;-9.78816;-8.2577;-4.63451;-10.6264;-7.06075;-7.99931;-3.51182;-7.86667;-8.05985;-10.0724;-10.7255;-8.91166;-10.6506;-3.21692;-7.88592;8.3113;-3.40459;2.18664;-4.25326;-2.25807;-4.47204;-4.10091;-7.70465;-5.54247;-2.89272;-4.47158;-3.80425;-4.64722;-4.87601;-7.7248;-0.58043;-2.0211;-3.96313;-2.28383;-3.10948;-5.2328;-8.7093;-6.05275;-5.77184;6.57815;
-16.1435;-16.6366;-9.83893;-14.9698;-17.4292;-5.49679;-12.9306;-16.5271;-15.6729;-17.6654;-10.495;-4.05914;-7.86493;-17.001;-12.4149;-12.5941;-14.0616;-14.5162;-15.972;-15.4304;-14.517;-15.6064;-15.9664;-16.5086;-17.9133;-17.2635;-15.2113;-15.4359;-14.0987;-9.80823;-14.5821;-13.7927;-12.4955;-16.5102;-13.7214;-10.7877;-17.7131;-18.1335;-10.4293;-13.7509;-16.7277;-11.3582;-12.3529;-17.8477;-15.3539;-12.6742;-10.1046;-15.6193;-15.4472;-17.314;-17.8416;-15.5194;-18.0263;-6.56391;-11.0513;1.38063;-3.06276;-1.84931;-7.98687;-6.28446;-5.41261;-1.84158;-12.8608;-10.6269;-3.6243;-6.92941;-6.62876;-6.01436;-10.5834;-14.3696;-2.14467;-5.67292;-5.13612;-4.93935;-7.45779;-10.6826;-14.7532;-10.0716;-13.7228;11.6464;
-13.7181;-12.5575;-8.10632;-11.448;-13.5834;-3.10654;-9.24656;-12.7909;-12.8525;-14.3706;-8.55323;-3.38202;-6.30053;-14.0513;-12.279;-11.492;-12.1787;-12.5838;-12.7661;-12.6879;-12.2649;-13.0572;-13.151;-13.9483;-13.9855;-13.116;-11.4559;-13.3698;-9.42803;-10.0509;-12.1745;-11.6455;-8.93734;-13.0462;-10.8717;-8.33188;-13.2707;-14.6157;-9.89406;-11.2292;-14.9587;-9.84743;-9.02879;-14.0022;-13.3184;-9.88802;-7.78186;-14.4254;-12.3308;-14.3411;-14.3888;-12.3916;-14.5232;-6.62716;-8.72979;-1.54824;-3.54638;-2.84423;-6.21805;-4.78457;-4.84722;-1.41091;-8.93522;-8.32461;-4.18821;-4.61949;-6.64411;-5.71058;-9.24478;-9.71192;-0.637286;-3.37652;-3.26469;-5.41741;-7.57979;-8.46282;-11.6311;-9.33556;-9.87357;10.6531;
-21.2109;-28.6874;-20.2671;-20.7262;-23.996;-11.4268;-24.1548;-26.7999;-20.9445;-22.2757;-17.31;-11.3097;-13.3648;-21.3316;-18.6452;-21.1541;-22.7208;-24.9391;-22.6197;-21.373;-22.8799;-22.8126;-23.5006;-24.338;-31.5487;-27.0181;-26.6626;-21.9991;-23.3153;-21.6611;-22.6834;-21.6437;-21.4761;-24.6145;-18.4413;-17.8664;-27.9531;-23.9614;-22.4755;-18.5773;-20.5472;-20.132;-19.9208;-21.8196;-21.5974;-19.4449;-15.2644;-24.3403;-21.5142;-23.1676;-22.2395;-21.2184;-22.6862;-9.8994;-12.8055;-7.05046;-9.83039;-5.40625;-10.6534;-10.5624;-8.0626;-4.88681;-22.019;-11.6992;-7.21109;-8.06215;-6.65972;-8.19594;-10.1938;-22.8913;-0.261905;-4.78007;-6.3482;-7.46272;-6.24609;-9.78128;-15.2243;-11.3962;-16.3209;11.0968;
-6.273;-5.6887;-3.24169;-3.80094;-5.98833;-1.71118;-2.24441;-6.40342;-4.6916;-6.66567;-4.65059;-2.55514;-5.7078;-6.18789;-5.94327;-1.97174;-7.04251;-6.64416;-6.31223;-4.31814;-4.29726;-5.20993;-6.08147;-5.59457;-5.77814;-6.59944;-5.49074;-5.16364;-6.1018;-5.42237;-5.84739;-8.6856;-3.74955;-6.61877;-6.57567;-4.54432;-4.95148;-7.03242;-4.7992;-2.07841;-6.22507;-5.97494;-1.56072;-5.70552;-3.88393;-4.7325;-0.0971746;-6.63266;-2.40751;-6.20121;-6.08217;-2.39869;-6.93161;-4.90425;-5.14693;-0.295856;-5.29437;-3.15111;-2.82243;-4.91697;-3.42036;-0.78257;-2.74643;-4.1808;0.516135;-0.308401;0.655728;-4.35115;-1.63534;-6.55937;9.16152;0.34076;-0.698383;-2.96687;3.1022;-2.7028;-0.806812;-1.46935;-2.35283;1.61181;
-14.5291;-14.355;-9.24071;-12.8636;-15.2932;-8.83859;-10.493;-16.0417;-14.4811;-17.2204;-8.70792;-7.30292;-8.88104;-15.6897;-13.6281;-9.88494;-14.5697;-15.7845;-14.4016;-15.0154;-12.0591;-14.1771;-16.2121;-14.8499;-14.3238;-15.2059;-13.5246;-9.71109;-13.6089;-11.3846;-10.9136;-14.6584;-10.5198;-15.2524;-11.5095;-9.38816;-15.179;-15.8933;-10.6717;-10.4381;-14.3311;-11.717;-8.85494;-16.7414;-9.08149;-13.0419;-5.41887;-14.8873;-13.0139;-13.6328;-16.2542;-10.5383;-17.3164;-6.47726;-10.5287;-5.43557;-6.83563;-4.75574;-5.44706;-9.72129;-5.7304;-0.75137;-9.50957;-11.39;-1.43281;-4.01256;-4.06523;-6.0796;-5.97181;-11.7332;3.15472;-5.22511;-3.20488;-8.16883;-6.09454;-11.6492;-10.9396;-7.75306;-10.5182;11.011;
-21.4293;-27.6509;-19.0884;-20.8533;-24.6427;-14.641;-24.9671;-27.5726;-22.1023;-24.5876;-17.4908;-11.386;-12.4026;-21.9382;-19.8994;-19.4536;-21.6806;-23.7832;-23.0706;-22.833;-21.8682;-22.3944;-24.4377;-24.1178;-29.5602;-28.1047;-24.3294;-17.3491;-21.8988;-17.9898;-20.5964;-18.4888;-23.6132;-23.8328;-20.7684;-19.5121;-26.3858;-24.9188;-18.8659;-20.4613;-22.2904;-18.2741;-22.4623;-22.8575;-18.7477;-19.849;-15.6392;-21.9295;-24.0208;-20.1749;-23.5439;-20.956;-23.428;-3.60016;-14.7634;-8.49462;-8.87323;-5.63525;-12.5131;-12.3768;-9.13225;-2.36333;-23.9332;-14.3723;-4.62868;-11.4159;-9.24505;-7.48049;-10.8037;-25.2521;-3.37606;-8.9067;-5.71144;-8.55317;-14.4824;-14.6762;-19.088;-13.274;-19.4988;12.662;
-10.9217;-7.25202;-4.83512;-8.69465;-8.85772;-6.3149;-6.68957;-10.0824;-9.09097;-10.6675;-4.88647;-6.7858;-4.12304;-9.81996;-9.58001;-7.58992;-8.07252;-9.22714;-9.77987;-11.1665;-10.9099;-8.84845;-10.149;-8.66161;-7.16901;-8.99043;-8.70395;-2.22834;-10.6042;-8.17383;-9.77649;-7.99855;-10.4668;-8.7189;-9.38903;-7.32637;-12.45;-12.0118;-10.1428;-10.7305;-12.0814;-5.88694;-12.9443;-9.49442;-7.2135;-9.58261;-8.78715;-8.76097;-12.2681;-8.22168;-9.5007;-9.39799;-9.70548;8.97014;-6.27596;-2.46211;-3.88417;3.204;-5.97809;-3.55937;-3.23383;-2.46016;-11.751;-5.41238;-4.73078;-2.39012;-2.48174;2.78955;-4.2048;-6.46183;-3.7001;-3.23048;-4.93732;1.2341;-12.6316;-5.60422;-9.13871;-5.41093;-8.66714;0.451675;
-11.3928;-7.54332;-4.67187;-9.99549;-10.9002;-6.87982;-7.04603;-10.9152;-10.3545;-12.9565;-7.28677;-11.1925;-5.64887;-11.1335;-11.5099;-8.40364;-8.01119;-8.99502;-10.4769;-10.894;-10.6122;-9.4938;-9.42884;-7.95045;-9.63769;-9.62726;-9.42827;-5.19993;-10.0418;-9.29343;-9.30385;-7.80355;-8.78331;-9.60104;-7.12246;-7.0597;-11.838;-10.4173;-7.96765;-10.0347;-10.0274;-8.55928;-10.1838;-12.2348;-5.74153;-11.0263;-7.13112;-8.20146;-9.2194;-7.03371;-12.6927;-6.78688;-11.9447;4.26701;-6.65348;-3.82883;-3.7419;1.04296;-5.88977;-4.14936;-5.97768;-2.75569;-10.4318;-6.34886;-4.67852;-5.17139;-3.9067;-0.962589;-5.01905;-7.19801;-4.74674;-2.84518;-5.64713;-2.70383;-11.1046;-7.55876;-8.54959;-6.92315;-8.15911;8.58913;
-12.8817;-12.4988;-7.99978;-12.419;-14.5194;-7.64388;-11.4522;-13.3692;-13.5337;-15.8544;-9.22042;-11.8;-6.31914;-13.5433;-12.8814;-9.23208;-10.1596;-11.5463;-13.3436;-12.7988;-12.8433;-11.2733;-11.2367;-11.2606;-15.327;-13.2319;-13.3346;-8.02277;-10.6301;-9.81606;-11.48;-9.63978;-9.99568;-12.6148;-9.29002;-8.67775;-13.1978;-13.1927;-7.30143;-11.5352;-11.5935;-9.40676;-9.65788;-15.1663;-9.00492;-12.1992;-8.8131;-10.0274;-11.2544;-10.8877;-15.6483;-10.5456;-14.7851;-0.268311;-9.29035;-2.92453;-4.55638;0.556035;-6.46229;-4.68629;-7.93809;-0.877332;-12.1029;-8.39476;-4.61604;-7.27792;-4.29535;-2.97391;-5.0996;-10.582;-4.70517;-3.4483;-6.95097;-2.42768;-9.31983;-9.83868;-9.1535;-8.02332;-10.2319;11.2746;
-12.0009;-15.2282;-10.8465;-11.5795;-14.5322;-4.05495;-13.3105;-14.2095;-12.2971;-14.2436;-9.45503;-8.40874;-6.28837;-12.7461;-12.0556;-10.9082;-12.1406;-13.746;-13.1214;-12.9285;-12.2496;-11.8811;-12.2772;-12.6765;-17.0389;-15.0631;-14.2084;-10.5577;-10.4549;-11.3373;-12.9135;-10.5708;-9.83614;-12.8608;-11.5089;-10.192;-13.6683;-13.5708;-9.58842;-11.9542;-12.7791;-9.75811;-10.2066;-13.6697;-11.1113;-11.2398;-10.5772;-11.4773;-11.6152;-12.9419;-13.7376;-9.83028;-13.4083;-5.96495;-9.22633;-3.25587;-6.5791;-1.70662;-6.04294;-3.91719;-10.2049;-1.37793;-9.55177;-8.64386;-3.74104;-7.15281;-4.35463;-5.25486;-4.9779;-9.48934;-3.40461;-3.14784;-7.18311;-4.54627;-8.35667;-9.77385;-8.89604;-6.30414;-9.29717;11.3098;
-4.9991;-10.5712;-10.0995;-5.56646;-6.89062;-2.65767;-8.47829;-8.29081;-4.70257;-6.34379;-7.52629;-7.46118;-7.34643;-6.49724;-6.69796;-7.65433;-5.55197;-7.61467;-6.15882;-6.36032;-6.9974;-5.41975;-5.37397;-6.5983;-8.59427;-6.87867;-9.23085;-4.72853;-7.15368;-9.24607;-8.49292;-6.30416;-3.63588;-7.35057;-8.93296;-7.93357;-6.94023;-8.85019;-9.69593;-7.14139;-8.45006;-6.42365;-3.75407;-7.29685;-4.65626;-7.9512;-5.01393;-8.94441;-8.668;-9.11438;-6.36174;-6.17438;-5.91937;-6.17745;-6.30723;-4.02626;-5.39871;-2.74674;3.68191;-0.0841334;-8.16753;-2.37589;-2.25918;-3.49428;-1.01308;-5.87307;-2.70209;-6.75424;6.028;-0.950421;-3.36887;-2.46741;-3.38427;-6.6556;-6.62064;-6.06423;-2.48371;-2.90236;-2.83057;4.45127;
-5.60931;-8.72476;-7.92563;-5.86569;-6.18704;-1.16881;-4.98263;-6.47676;-5.16655;-6.90312;-5.29201;-7.4943;-5.81143;-6.89678;-6.46216;-6.12201;-2.872;-6.18893;-6.55101;-6.6127;-6.40438;-5.89229;-4.04733;-6.55891;-6.86163;-4.10772;-7.20434;-2.50527;-5.62841;-4.51968;-6.52436;-4.3398;-2.27234;-5.26388;-7.5158;-5.12595;-5.07723;-7.32904;-5.12683;-3.03626;-4.42124;-4.53199;0.473405;-7.78474;-1.92557;-7.1234;-3.82444;-6.47092;-6.62417;-6.82717;-7.33196;-4.39817;-7.10504;-5.15974;-6.37219;-2.47913;-6.47875;-1.283;4.73254;0.928209;-4.51568;-2.38306;-2.93453;-4.48432;-0.61104;-7.69219;-1.18316;-6.89708;8.90815;-0.860142;-2.76933;-2.73624;-2.97848;-4.63815;-5.75445;-6.25519;-3.53438;-0.87253;-2.9639;4.88026;
-10.3876;-12.264;-9.88955;-11.4019;-11.7338;-1.07113;-8.96669;-10.6254;-10.9743;-13.1636;-7.56295;-7.21757;-6.88477;-12.3836;-9.41012;-10.7539;-7.43038;-10.826;-10.7632;-10.8693;-10.9601;-11.3654;-9.61885;-10.9413;-12.863;-9.15181;-9.63325;-7.0828;-9.31105;-5.35807;-9.19147;-7.4615;-6.96753;-10.8639;-9.15506;-6.93531;-10.2294;-11.1727;-5.75895;-6.65718;-9.01967;-7.61485;-3.80197;-13.6211;-6.21752;-8.80429;-5.50176;-7.2984;-9.48775;-10.1607;-13.3421;-7.54119;-12.9379;-5.8231;-9.57155;-1.89708;-8.87232;0.230901;-1.50246;-3.37894;-3.93338;-3.85665;-11.2514;-9.52763;-1.55925;-12.0768;-3.64594;-5.99508;1.22063;-8.66952;-4.38462;-6.00791;-5.53701;-3.99541;-8.66662;-9.48338;-8.49153;-4.64901;-7.59933;10.9674;
-12.6414;-15.6479;-10.5688;-14.5001;-15.9936;1.39343;-12.1634;-13.3525;-13.527;-15.7302;-8.0675;-3.86562;-6.34362;-14.4951;-9.91035;-12.9071;-11.5489;-13.9152;-14.2125;-12.7321;-14.1033;-14.1064;-13.0403;-13.7426;-19.3563;-14.9715;-13.2192;-11.8192;-12.336;-7.01853;-12.6988;-10.8682;-10.2478;-14.1554;-12.2164;-8.89626;-13.9113;-15.2632;-9.48871;-11.3308;-13.2232;-8.53363;-9.43692;-15.3159;-12.5814;-9.09795;-8.66831;-10.4732;-11.6172;-14.5537;-15.4538;-9.73303;-15.3213;-7.5198;-11.2711;-0.389471;-8.04587;-1.82482;-4.16988;-6.38587;-4.31795;-4.84769;-14.3528;-12.1339;-1.07345;-10.8404;-5.57144;-5.86499;-4.29962;-11.7889;-4.96434;-6.60751;-5.84706;-3.48416;-11.1467;-10.8615;-11.2676;-7.47887;-10.6293;10.3836;
-13.9625;-16.1006;-12.397;-15.1642;-17.9323;1.06935;-14.31;-14.0284;-14.8409;-17.4538;-8.75588;-4.50911;-7.29898;-15.9729;-11.8626;-13.8299;-14.4798;-17.2899;-14.9056;-14.9063;-15.2016;-16.2342;-15.8811;-16.4977;-22.9584;-16.7627;-15.562;-11.2225;-13.285;-11.3453;-14.052;-12.2526;-11.4159;-14.6909;-11.8626;-9.64001;-16.1024;-16.7757;-11.8619;-12.4382;-14.0983;-11.2499;-12.1581;-17.2572;-12.8439;-10.6754;-10.3944;-13.4508;-13.5347;-14.8794;-17.3247;-12.3999;-17.6249;-7.56381;-8.83183;-2.5927;-8.1036;-3.14862;-3.65701;-6.98684;-2.93294;-4.04735;-15.0206;-9.92781;0.118442;-9.35144;-4.6515;-5.36948;-6.46101;-12.3444;-4.59262;-5.45201;-3.46494;-5.23537;-11.7714;-11.0713;-11.4171;-10.2829;-10.9135;10.0771;
-10.4978;-12.4396;-9.07436;-10.7931;-13.3886;0.807511;-12.7995;-11.6317;-10.261;-13.6957;-5.01735;-6.37962;-6.49825;-12.0441;-10.7718;-5.95541;-10.3395;-11.4658;-9.57307;-10.6093;-9.04322;-10.961;-9.59194;-11.1184;-17.0971;-12.6076;-10.8442;-3.68629;-7.24575;-8.43352;-9.81173;-6.6359;-5.34494;-8.9958;-5.6702;-4.59376;-11.0168;-9.54804;-4.17835;-8.20373;-6.00902;-7.55099;-7.00227;-12.6291;-7.04198;-6.49973;-8.94795;-8.31459;-8.7489;-6.68038;-13.5401;-8.38697;-13.7395;-4.58442;-4.90689;-5.67812;-5.82777;-1.96531;-0.19797;-5.50077;-1.39287;-1.17468;-10.4201;-5.23984;-0.328433;-5.78809;-4.20796;-2.53646;-4.82854;-11.2462;-2.61545;-3.27244;1.31567;-4.6023;-7.04678;-6.96595;-6.42697;-6.86922;-5.95585;8.97875;
-14.5882;-17.9515;-12.4786;-14.27;-19.5324;-4.25172;-17.8458;-17.4066;-15.314;-18.2521;-7.79907;-10.1787;-8.15769;-15.8189;-13.575;-10.4072;-14.151;-15.8624;-15.212;-15.4305;-12.0821;-16.5163;-14.4634;-14.8897;-21.3163;-16.7181;-14.7763;-7.32454;-11.3358;-10.8644;-10.9987;-10.1639;-9.34151;-12.7723;-8.79709;-8.60186;-15.8344;-13.3583;-6.84352;-7.86196;-7.1588;-9.35976;-10.394;-17.7766;-9.58959;-9.77608;-9.26338;-10.8112;-12.4635;-7.95737;-18.1809;-11.6901;-17.9574;-6.10836;-6.44119;-8.54675;-6.65771;-2.17478;-3.76748;-9.13337;-0.913811;-2.38499;-14.9783;-6.08852;-2.45912;-7.77453;-4.22172;-1.41564;-6.27772;-14.9532;-3.3609;-5.80879;1.95068;-4.81334;-8.15642;-6.22375;-8.77917;-8.27524;-10.1648;14.2672;
-12.4425;-21.561;-13.0964;-13.8778;-18.5622;-7.22929;-17.5512;-17.5014;-15.5607;-16.8187;-11.6874;-5.66178;-6.64332;-15.4047;-11.8127;-11.9184;-13.0036;-15.9206;-14.5632;-14.6815;-13.5714;-14.8475;-13.47;-13.2457;-24.1174;-18.1276;-15.4098;-9.09456;-11.8193;-9.72197;-10.4182;-9.38709;-11.4523;-12.5712;-10.3963;-11.1286;-16.4189;-14.3378;-7.9943;-9.40662;-8.85535;-10.4697;-10.9746;-17.0542;-10.0881;-11.1871;-7.5449;-9.7232;-12.1161;-8.19456;-16.8198;-11.6223;-16.5738;-3.47356;-8.91376;-4.52963;-6.00827;1.19185;-3.60238;-8.84962;-0.304443;-2.23194;-15.7692;-5.46351;-2.44811;-8.32986;-1.98053;-2.13116;-7.28914;-12.8237;-0.334987;-5.28257;1.90552;-1.33145;-8.93931;-6.38136;-8.05429;-7.36091;-8.88246;11.2779;
-7.13515;-5.52204;-3.28631;-5.07854;-7.54506;-1.01173;-6.50107;-4.70085;-7.8216;-9.52412;-3.54314;0.362296;0.691244;-8.96489;-5.02481;-3.06606;-4.88325;-4.32368;-5.09434;-6.04878;-5.7849;-5.50493;-5.14916;-4.85093;-9.55186;-5.10806;-3.69755;-1.27203;-2.66242;-2.3925;-2.37045;-1.2499;-2.58325;-2.82935;-2.19384;-3.35373;-3.92999;-5.87393;-0.59945;-1.39301;-2.65359;-2.58713;-3.28158;-9.54959;-1.95553;-2.119;0.146295;-3.0373;-4.48239;-2.70575;-9.8039;-2.69899;-9.63146;-0.950681;-2.33663;-0.816389;0.624837;1.59769;2.75077;-2.62994;2.21472;-0.187826;-6.66059;-0.189182;1.83678;-4.2679;0.199314;-0.298237;-3.35348;-3.16512;2.95968;0.295224;8.84706;-0.266561;-4.97011;-3.6491;-1.91869;-0.7069;-3.68616;2.61447;
